<?xml version="1.0"?>
<metadata xml:lang="en"><Esri><CreaDate>20061123</CreaDate><CreaTime>10462400</CreaTime><SyncOnce>FALSE</SyncOnce><SyncDate>20130603</SyncDate><SyncTime>11202400</SyncTime><ModDate>20130603</ModDate><ModTime>11202400</ModTime><PublishStatus>Published</PublishStatus><MetaID>{ABDA7339-15F2-4449-9141-0B75E0F01127}</MetaID><DataProperties><itemProps><itemName Sync="TRUE">imcra4_pb</itemName><imsContentType Sync="TRUE">002</imsContentType><nativeExtBox><westBL Sync="TRUE">93.412315</westBL><eastBL Sync="TRUE">171.801107</eastBL><southBL Sync="TRUE">-58.449470</southBL><northBL Sync="TRUE">-8.473405</northBL><exTypeCode Sync="TRUE">1</exTypeCode></nativeExtBox><itemSize Sync="TRUE">5.967</itemSize><itemLocation><linkage Sync="TRUE">file://\\pvac01file03\erin_share$\Marine\data\bioregionalisation\imcra\imcra4\data\imcra4_pb.shp</linkage><protocol Sync="TRUE">Local Area Network</protocol></itemLocation></itemProps><coordRef><type Sync="TRUE">Geographic</type><geogcsn Sync="TRUE">GCS_GDA_1994</geogcsn><csUnits Sync="TRUE">Angular Unit: Degree (0.017453)</csUnits><peXml Sync="TRUE">&lt;GeographicCoordinateSystem xsi:type='typens:GeographicCoordinateSystem' xmlns:xsi='http://www.w3.org/2001/XMLSchema-instance' xmlns:xs='http://www.w3.org/2001/XMLSchema' xmlns:typens='http://www.esri.com/schemas/ArcGIS/10.0'&gt;&lt;WKT&gt;GEOGCS[&amp;quot;GCS_GDA_1994&amp;quot;,DATUM[&amp;quot;D_GDA_1994&amp;quot;,SPHEROID[&amp;quot;GRS_1980&amp;quot;,6378137.0,298.257222101]],PRIMEM[&amp;quot;Greenwich&amp;quot;,0.0],UNIT[&amp;quot;Degree&amp;quot;,0.0174532925199433],AUTHORITY[&amp;quot;EPSG&amp;quot;,4283]]&lt;/WKT&gt;&lt;XOrigin&gt;-399.99999999999989&lt;/XOrigin&gt;&lt;YOrigin&gt;-399.99999999999989&lt;/YOrigin&gt;&lt;XYScale&gt;11258999068426.24&lt;/XYScale&gt;&lt;ZOrigin&gt;-100000&lt;/ZOrigin&gt;&lt;ZScale&gt;10000&lt;/ZScale&gt;&lt;MOrigin&gt;-100000&lt;/MOrigin&gt;&lt;MScale&gt;10000&lt;/MScale&gt;&lt;XYTolerance&gt;8.9831528411952117e-009&lt;/XYTolerance&gt;&lt;ZTolerance&gt;0.001&lt;/ZTolerance&gt;&lt;MTolerance&gt;0.001&lt;/MTolerance&gt;&lt;HighPrecision&gt;true&lt;/HighPrecision&gt;&lt;LeftLongitude&gt;-180&lt;/LeftLongitude&gt;&lt;WKID&gt;4283&lt;/WKID&gt;&lt;/GeographicCoordinateSystem&gt;</peXml></coordRef></DataProperties></Esri><idinfo><citation><citeinfo><onlink Sync="TRUE">\\ACT01VFPCL04\ERIN_SHARE$\Marine\data\bioregionalisation\imcra\imcra4\data\imcra4_pb</onlink><origin>REQUIRED: The name of an organization or individual that developed the data set.</origin><pubdate>REQUIRED: The date when the data set is published or otherwise made available for release.</pubdate><title>Integrated Marine and Coastal Regionalisation of Australia (IMCRA) v4.0 - Provincial Bioregions</title><ftname Sync="TRUE">imcra4_pb</ftname><geoform Sync="TRUE">vector digital data</geoform></citeinfo></citation><native Sync="TRUE">Microsoft Windows Vista Version 6.1 (Build 7600) ; ESRI ArcCatalog 9.3.1.4000</native><descript><langdata Sync="TRUE">en</langdata><abstract>REQUIRED: A brief narrative summary of the data set.</abstract><purpose>REQUIRED: A summary of the intentions with which the data set was developed.</purpose></descript><timeperd><current>REQUIRED: The basis on which the time period of content information is determined.</current><timeinfo><sngdate><caldate>REQUIRED: The year (and optionally month, or month and day) for which the data set corresponds to the ground.</caldate></sngdate></timeinfo></timeperd><status><progress>REQUIRED: The state of the data set.</progress><update>REQUIRED: The frequency with which changes and additions are made to the data set after the initial data set is completed.</update></status><spdom><bounding><westbc Sync="TRUE">93.412315</westbc><eastbc Sync="TRUE">171.801107</eastbc><northbc Sync="TRUE">-8.473405</northbc><southbc Sync="TRUE">-58.449470</southbc></bounding><lboundng><leftbc Sync="TRUE">93.412315</leftbc><rightbc Sync="TRUE">171.801107</rightbc><bottombc Sync="TRUE">-58.449470</bottombc><topbc Sync="TRUE">-8.473405</topbc></lboundng></spdom><keywords><theme><themekt>REQUIRED: Reference to a formally registered thesaurus or a similar authoritative source of theme keywords.</themekt><themekey>REQUIRED: Common-use word or phrase used to describe the subject of the data set.</themekey></theme></keywords><accconst>REQUIRED: Restrictions and legal prerequisites for accessing the data set.</accconst><useconst>REQUIRED: Restrictions and legal prerequisites for using the data set after access is granted.</useconst><natvform Sync="TRUE">Shapefile</natvform></idinfo><distInfo><distFormat><formatName Sync="TRUE">Shapefile</formatName></distFormat><distTranOps><transSize Sync="TRUE">5.967</transSize></distTranOps><distributor><distorCont><rpOrgName>Australian Government Department of Sustainability, Environment, Water, Population and Communities</rpOrgName><rpCntInfo><cntPhone><voiceNum>(02) 6274 1111</voiceNum><faxNum>(02) 6274 1333</faxNum></cntPhone><cntAddress><delPoint>GPO Box 787</delPoint><city>CANBERRA</city><adminArea>ACT</adminArea><postCode>2601</postCode><country>Australia</country><eMailAdd>metadata@environment.gov.au</eMailAdd></cntAddress><cntOnlineRes><linkage>http://www.environment.gov.au</linkage></cntOnlineRes></rpCntInfo><role><RoleCd value="005"></RoleCd></role></distorCont><distorFormat><formatName>Shapefile</formatName><formatVer>1</formatVer></distorFormat><distorTran><onLineSrc><linkage Sync="TRUE"></linkage><orDesc>003</orDesc></onLineSrc><onLineSrc><linkage>hhtp://www.environment.gov.au</linkage><orDesc>002</orDesc></onLineSrc></distorTran></distributor></distInfo><dataqual><lineage><procstep><procdesc Sync="TRUE">Dataset copied.</procdesc><srcused Sync="TRUE">o:\marine\rmp\all_rmps\boundaries\data\imcra4_dens</srcused><date Sync="TRUE">20061102</date><time Sync="TRUE">14183200</time></procstep><procstep><procdesc Sync="TRUE">Dataset copied.</procdesc><srcused Sync="TRUE">o:\marine\work\imcra4\data\imcra4_pb3</srcused><date Sync="TRUE">20061108</date><time Sync="TRUE">16242100</time></procstep><procstep><procdesc Sync="TRUE">Dataset copied.</procdesc><srcused Sync="TRUE"></srcused><date Sync="TRUE">20061123</date><time Sync="TRUE">10462400</time></procstep><procstep><procdesc Sync="TRUE">Dataset moved.</procdesc><srcused Sync="TRUE">N:\Marine\data\bioregionalisation\data\imcra4_pb</srcused><procdate Sync="TRUE">20111208</procdate><proctime Sync="TRUE">11444600</proctime></procstep></lineage></dataqual><dataIdInfo><envirDesc Sync="TRUE">Microsoft Windows 7 Version 6.1 (Build 7600) ; ESRI ArcGIS 10.0.4.4000</envirDesc><dsFormat><formatName>Shapefile</formatName><formatVer>1</formatVer></dsFormat><spatRpType><SpatRepTypCd Sync="TRUE" value="001"></SpatRepTypCd></spatRpType><dataExt><geoEle><GeoBndBox esriExtentType="native"><westBL Sync="TRUE">93.412315</westBL><eastBL Sync="TRUE">171.801107</eastBL><northBL Sync="TRUE">-8.473405</northBL><southBL Sync="TRUE">-58.44947</southBL><exTypeCode Sync="TRUE">1</exTypeCode></GeoBndBox></geoEle></dataExt><geoBox esriExtentType="decdegrees"><westBL Sync="TRUE">93.412315</westBL><eastBL Sync="TRUE">171.801107</eastBL><northBL Sync="TRUE">-8.473405</northBL><southBL Sync="TRUE">-58.44947</southBL><exTypeCode Sync="TRUE">1</exTypeCode></geoBox><idStatus><ProgCd value="001"></ProgCd></idStatus><resMaint><maintFreq><MaintFreqCd value="009"></MaintFreqCd></maintFreq></resMaint><idAbs>A regionalisation of Australian waters (excluding waters adjacent to the Territory of Heard Island and McDonald Islands, and waters adjacent to the Australian Antarctic Territory) derived from deep-water demersal fish assemblages. A total of 41 onshelf and offshelf provincial bioregions were identified for IMCRA v4.0.

Onshelf provincial bioregions are based on the 17 IMCRA v3.3 demersal provinces and biotones identified in 1997.

Offshelf provincial bioregions were defined in 2004 as part of a program run by Geoscience Australia, CSIRO Marine Research and the National Oceans Office. They represent units that contain broad patterns in biodiversity, as represented by deep-water demersal fish assemblages, based on the assumption that the demersal fish distributions are a surrogate of marine faunal distributions. Below 2,000 m water depth, the boundaries of the benthic provincial bioregions are defined solely by the NMB (National Marine Bioregionalisation) geomorphic features data set. A total of 24 offshelf benthic provincial bioregions were defined on this basis, including 15 core bioregions representing areas of endemism, and 9 transition zones representing areas of faunal mixing.

For IMCRA v4.0 the coastline was replaced with the national 100k coastline to provide greater consistency. The Australian EEZ limit was sourced from AMB v2. Based on a decision by the Bioregionalisation Working Group, the shelf break from IMCRA v3.3 was largely retained, although in some instances the shelf break from the NMB (National Marine Bioregionalisation) provincial bioregions was used.</idAbs><resConst><LegConsts><useLimit>None.</useLimit><accessConsts><RestrictCd value="005"></RestrictCd></accessConsts><othConsts>The data are available to the public under licence from the Australian Government Department of Sustainability, Environment, Water, Population and Communities as part of the Commonwealth Spatial Data Access and Pricing Policy.</othConsts></LegConsts></resConst><dataExt><geoEle><GeoBndBox esriExtentType="search"><exTypeCode Sync="TRUE">1</exTypeCode><westBL Sync="TRUE">93.412315</westBL><eastBL Sync="TRUE">171.801107</eastBL><northBL Sync="TRUE">-8.473405</northBL><southBL Sync="TRUE">-58.449470</southBL></GeoBndBox></geoEle></dataExt><idCitation><resTitle>Integrated Marine and Coastal Regionalisation of Australia (IMCRA) v4.0 - Provincial Bioregions</resTitle><resAltTitle>N:\Marine\data\bioregionalisation\imcra\imcra4\data\imcra4_pb.shp</resAltTitle><resRefDate><refDate>20020701</refDate><refDateType><DateTypCd value="001"></DateTypCd></refDateType></resRefDate><resRefDate><refDate>20061101</refDate><refDateType><DateTypCd value="003"></DateTypCd></refDateType></resRefDate><citId><MdIdent><identCode>ISOCW0501002907</identCode></MdIdent></citId><citRespParty><rpOrgName>Australian Government Department of Sustainability, Environment, Water, Population and Communities</rpOrgName><rpPosName>Marine Data Manager</rpPosName><rpCntInfo><cntPhone><voiceNum>02 6274 1111</voiceNum><faxNum>02 6274 1666</faxNum></cntPhone><cntAddress><delPoint>GPO Box 787</delPoint><city>Canberra</city><adminArea>ACT</adminArea><postCode>2601</postCode><country>Australia</country><eMailAdd>marine.metadata@environment.gov.au</eMailAdd></cntAddress><cntOnlineRes><linkage>http://www.environment.gov.au/</linkage></cntOnlineRes></rpCntInfo><role><RoleCd value="002"></RoleCd></role></citRespParty><citRespParty><rpOrgName>Australian Government Department of Sustainability, Environment, Water, Population and Communities</rpOrgName><rpPosName>Metadata Publisher</rpPosName><rpCntInfo><cntPhone><voiceNum>(02) 6274 1111</voiceNum><faxNum>(02) 6274 1333</faxNum></cntPhone><cntAddress><delPoint>GPO Box 787</delPoint><city>CANBERRA</city><adminArea>ACT</adminArea><postCode>2601</postCode><country>Australia</country><eMailAdd>metadata@environment.gov.au</eMailAdd></cntAddress><cntOnlineRes><linkage>http://www.environment.gov.au/</linkage></cntOnlineRes></rpCntInfo><role><RoleCd value="010"></RoleCd></role></citRespParty><presForm><PresFormCd value="005" Sync="TRUE"></PresFormCd></presForm></idCitation><idPoC><rpOrgName>Australian Government Department of Sustainability, Environment, Water, Population and Communities</rpOrgName><rpPosName>Marine Data Manager</rpPosName><rpCntInfo><cntPhone><voiceNum>02 6274 1111</voiceNum><faxNum>02 6274 1666</faxNum></cntPhone><cntAddress><delPoint>GPO Box 787</delPoint><city>Canberra</city><adminArea>ACT</adminArea><postCode>2601</postCode><country>Australia</country><eMailAdd>marine.metadata@environment.gov.au</eMailAdd></cntAddress><cntOnlineRes><linkage>http://www.environment.gov.au/</linkage></cntOnlineRes></rpCntInfo><role><RoleCd value="007"></RoleCd></role></idPoC><descKeys><keyword>MARINE_Classification</keyword><keyword>ECOLOGY Ecosystem_Classification</keyword><keyword>BOUNDARIES Biophysical_Classification</keyword><keyword>MARINE_Conservation</keyword><keyword>MARINE_Planning</keyword><keyTyp><KeyTypCd value="005"></KeyTypCd></keyTyp><thesaName><resTitle>ANZLIC Search Words</resTitle><resRefDate><refDate>20080515</refDate><refDateType><DateTypCd value="003"></DateTypCd></refDateType></resRefDate><resEd>Version 2.1</resEd><resEdDate>20080515</resEdDate></thesaName></descKeys><dataScale><equScale><rfDenom>5000000</rfDenom></equScale></dataScale><tpCat><TopicCatCd value="014"></TopicCatCd></tpCat><suppInfo>not to be published</suppInfo><dataLang><languageCode value="en"></languageCode><countryCode value="AUS" Sync="TRUE"></countryCode></dataLang><dataChar><CharSetCd value="004"></CharSetCd></dataChar></dataIdInfo><metainfo><langmeta Sync="TRUE">en</langmeta><metstdn Sync="TRUE">FGDC Content Standards for Digital Geospatial Metadata</metstdn><metstdv Sync="TRUE">FGDC-STD-001-1998</metstdv><mettc Sync="TRUE">local time</mettc><metc><cntinfo><cntorgp><cntper>REQUIRED: The person responsible for the metadata information.</cntper><cntorg>REQUIRED: The organization responsible for the metadata information.</cntorg></cntorgp><cntaddr><addrtype>REQUIRED: The mailing and/or physical address for the organization or individual.</addrtype><city>REQUIRED: The city of the address.</city><state>REQUIRED: The state or province of the address.</state><postal>REQUIRED: The ZIP or other postal code of the address.</postal></cntaddr><cntvoice>REQUIRED: The telephone number by which individuals can speak to the organization or individual.</cntvoice></cntinfo></metc><metd Sync="TRUE">20110819</metd></metainfo><mdLang><languageCode Sync="TRUE" value="eng"></languageCode><countryCode value="AUS" Sync="TRUE"></countryCode></mdLang><mdStanName>ANZLIC Metadata Profile</mdStanName><mdStanVer>1.1</mdStanVer><mdChar><CharSetCd Sync="TRUE" value="004"></CharSetCd></mdChar><mdHrLv><ScopeCd Sync="TRUE" value="005"></ScopeCd></mdHrLv><mdHrLvName Sync="TRUE">dataset</mdHrLvName><distinfo><resdesc></resdesc><stdorder><digform><digtinfo><transize Sync="TRUE">5.967</transize><dssize Sync="TRUE">5.967</dssize></digtinfo></digform></stdorder></distinfo><spdoinfo><direct Sync="TRUE">Vector</direct><ptvctinf><esriterm><efeatyp Sync="TRUE">Simple</efeatyp><efeageom code="4" Sync="TRUE"></efeageom><esritopo Sync="TRUE">FALSE</esritopo><efeacnt Sync="TRUE">41</efeacnt><spindex Sync="TRUE">FALSE</spindex><linrefer Sync="TRUE">FALSE</linrefer></esriterm></ptvctinf></spdoinfo><spref><horizsys><cordsysn><geogcsn Sync="TRUE">GCS_GDA_1994</geogcsn></cordsysn><geograph><geogunit Sync="TRUE">Decimal degrees</geogunit><latres Sync="TRUE">0.000000</latres><longres Sync="TRUE">0.000000</longres></geograph><geodetic><horizdn Sync="TRUE">D_GDA_1994</horizdn><ellips Sync="TRUE">Geodetic Reference System 80</ellips><semiaxis Sync="TRUE">6378137.000000</semiaxis><denflat Sync="TRUE">298.257222</denflat></geodetic></horizsys><vertdef><altsys><altenc Sync="TRUE">Explicit elevation coordinate included with horizontal coordinates</altenc><altres Sync="TRUE">0.000010</altres></altsys></vertdef></spref><refSysInfo><RefSystem><refSysID><identCode Sync="TRUE" value="4283">GCS_GDA_1994</identCode><idCodeSpace Sync="TRUE">EPSG</idCodeSpace><idVersion Sync="TRUE">7.4.1</idVersion></refSysID></RefSystem></refSysInfo><spatRepInfo><VectSpatRep><geometObjs Name="imcra4_pb"><geoObjTyp><GeoObjTypCd value="002" Sync="TRUE"></GeoObjTypCd></geoObjTyp><geoObjCnt Sync="TRUE">41</geoObjCnt></geometObjs><topLvl><TopoLevCd value="001" Sync="TRUE"></TopoLevCd></topLvl></VectSpatRep></spatRepInfo><eainfo><detailed Name="imcra4_pb"><enttyp><enttypl Sync="TRUE">imcra4_pb</enttypl><enttypt Sync="TRUE">Feature Class</enttypt><enttypc Sync="TRUE">41</enttypc></enttyp><attr><attrlabl Sync="TRUE">FID</attrlabl><attalias Sync="TRUE">FID</attalias><attrtype Sync="TRUE">OID</attrtype><attwidth Sync="TRUE">4</attwidth><atprecis Sync="TRUE">0</atprecis><attscale Sync="TRUE">0</attscale><attrdef Sync="TRUE">Internal feature number.</attrdef><attrdefs Sync="TRUE">ESRI</attrdefs><attrdomv><udom Sync="TRUE">Sequential unique whole numbers that are automatically generated.</udom></attrdomv></attr><attr><attrlabl Sync="TRUE">Shape</attrlabl><attalias Sync="TRUE">Shape</attalias><attrtype Sync="TRUE">Geometry</attrtype><attwidth Sync="TRUE">0</attwidth><atprecis Sync="TRUE">0</atprecis><attscale Sync="TRUE">0</attscale><attrdef Sync="TRUE">Feature geometry.</attrdef><attrdefs Sync="TRUE">ESRI</attrdefs><attrdomv><udom Sync="TRUE">Coordinates defining the features.</udom></attrdomv></attr><attr><attrlabl Sync="TRUE">PB_NAME</attrlabl><attwidth Sync="TRUE">40</attwidth><atoutwid Sync="TRUE">40</atoutwid><attrtype Sync="TRUE">String</attrtype><attalias Sync="TRUE">PB_NAME</attalias><atprecis Sync="TRUE">0</atprecis><attscale Sync="TRUE">0</attscale></attr><attr><attrlabl Sync="TRUE">PB_NUM</attrlabl><attwidth Sync="TRUE">9</attwidth><atoutwid Sync="TRUE">5</atoutwid><attrtype Sync="TRUE">Integer</attrtype><attalias Sync="TRUE">PB_NUM</attalias><atprecis Sync="TRUE">9</atprecis><attscale Sync="TRUE">0</attscale></attr><attr><attrlabl Sync="TRUE">WATER_TYPE</attrlabl><attwidth Sync="TRUE">30</attwidth><atoutwid Sync="TRUE">30</atoutwid><attrtype Sync="TRUE">String</attrtype><attalias Sync="TRUE">WATER_TYPE</attalias><atprecis Sync="TRUE">0</atprecis><attscale Sync="TRUE">0</attscale></attr><attr><attrlabl Sync="TRUE">AREA_KM2</attrlabl><attwidth Sync="TRUE">19</attwidth><atoutwid Sync="TRUE">18</atoutwid><attrtype Sync="TRUE">Double</attrtype><attalias Sync="TRUE">AREA_KM2</attalias><atprecis Sync="TRUE">0</atprecis><attscale Sync="TRUE">0</attscale></attr></detailed></eainfo><mdDateSt>20130603</mdDateSt><mdFileID>5FABB268-4A4E-4C7A-AF81-7E2E236F7056</mdFileID><mdContact><rpOrgName>Australian Government Department of Sustainability, Environment, Water, Population and Communities</rpOrgName><rpPosName>Marine Data Manager</rpPosName><rpCntInfo><cntPhone><voiceNum>02 6274 1111</voiceNum><faxNum>02 6274 1666</faxNum></cntPhone><cntAddress><delPoint>GPO Box 787</delPoint><city>Canberra</city><adminArea>ACT</adminArea><postCode>2601</postCode><country>Australia</country><eMailAdd>marine.metadata@environment.gov.au</eMailAdd></cntAddress><cntOnlineRes><linkage>http://www.environment.gov.au/</linkage></cntOnlineRes></rpCntInfo><role><RoleCd value="007"></RoleCd></role></mdContact><dqInfo><dataLineage><statement>The benthic Provincial Bioregions were defined in 2004 as part of a program run by Geoscience Australia, CSIRO Marine Research and the National Oceans Office to create a spatial inventory of large-scale benthic biogeographical regions for Australia’s Exclusive Economic Zone. The Provincial Bioregions were defined by the regional structure in demersal fishes as represented by a one-dimensional &amp;quotestring&amp;quote made up of 281 nodes that correspond to the 500 m isobath around the Australian mainland. The analysis of the demersal fish data was undertaken by CSIRO Marine Research (Last et al., 2004). None of the offshore island territories were included in this assessment and each island territory was considered a separate bioregion. The boundaries of the Provincial Bioregions below 2,000 m water depth were defined solely by the geomorphic features, which were defined by the International Hydrographic Office (IHO, 2002), and were identified using a 250 m spatial resolution bathymetry model with reference to previously published geological studies. In the analysis of the demersal fish data, the boundaries between the Provincial Bioregions were defined by a Jaccard Analysis of the distributions. The final boundaries were drawn by eye around the boundaries of geomorphic features by a panel of scientific experts at a series of workshops with reference to previous studies. When completed, the boundaries defined the separate polygons and they were stored as an ArcGIS shape file. Care was taken to include as much biological information as possible when positioning the boundaries, particularly in shallow water (&amp;lt500 m).</statement><dataSource><srcCitatn><resTitle>Integrated Marine and Coastal Regionalisation of Australia (IMCRA) v4.0 - Provincial Bioregions (2006). © Commonwealth of Australia, Australian Government Department of Sustainability, Environment, Water, Population and Communities.</resTitle><resRefDate><refDate>20000101</refDate><refDateType><DateTypCd value="003"></DateTypCd></refDateType></resRefDate></srcCitatn></dataSource></dataLineage><dqReport><DQAbsExtPosAcc><measResult><ConResult><conSpec><resTitle>ERIN Check</resTitle><resRefDate><refDate>20000101</refDate><refDateType><DateTypCd value="003"></DateTypCd></refDateType></resRefDate></conSpec><conExpl>Positional accuracy of the boundaries varies depending on the source data. Below 2,000 m where the Provincial Bioregions are defined solely by geomorphic features the positional accuracy is determined by the quality of the bathymetric, seismic reflection and sediment data, and the approximate accuracy of the boundaries is probably +/-10 km.</conExpl><conPass>1</conPass></ConResult></measResult></DQAbsExtPosAcc><DQNonQuanAttAcc><measResult><ConResult><conSpec><resTitle>ERIN Check</resTitle><resRefDate><refDate>20000101</refDate><refDateType><DateTypCd value="003"></DateTypCd></refDateType></resRefDate></conSpec><conExpl>Attributes have been checked and names should be considered as authoritative.
Attributes include:
PB_NAME = provincial bioregion name
PB_NUM = provincial bioregion number
WATER_TYPE = coarse climate region for the PB
AREA_KM2 = area in square kilometres</conExpl><conPass>1</conPass></ConResult></measResult></DQNonQuanAttAcc><DQConcConsis><measResult><ConResult><conSpec><resTitle>ERIN Check</resTitle><resRefDate><refDate>20000101</refDate><refDateType><DateTypCd value="003"></DateTypCd></refDateType></resRefDate></conSpec><conExpl>IMCRA v4.0 incorporates a single consistent coastline.</conExpl><conPass>1</conPass></ConResult></measResult></DQConcConsis><DQCompOm><measResult><ConResult><conSpec><resTitle>ERIN Check</resTitle><resRefDate><refDate>20000101</refDate><refDateType><DateTypCd value="003"></DateTypCd></refDateType></resRefDate></conSpec><conExpl>Spatial and attribute data is complete for all of Australia, except the  waters off Heard and McDonald Islands and the AAT.</conExpl><conPass>1</conPass></ConResult></measResult></DQCompOm></dqReport><dqScope><scpLvl><ScopeCd value="005"></ScopeCd></scpLvl></dqScope></dqInfo></metadata>
